{
    "epochs": [
        1,
        2,
        3,
        4,
        5,
        6,
        7,
        8,
        9,
        10,
        11,
        12,
        13,
        14,
        15,
        16,
        17,
        18,
        19,
        20,
        21,
        22,
        23,
        24,
        25,
        26,
        27,
        28,
        29,
        30,
        31,
        32,
        33,
        34,
        35,
        36,
        37,
        38,
        39,
        40,
        41,
        42,
        43,
        44,
        45,
        46,
        47,
        48,
        49,
        50
    ],
    "train_loss": [
        0.7051819082069397,
        0.46634558454513547,
        0.42500768548965456,
        0.3991784905910492,
        0.38760707196235655,
        0.3821889425849915,
        0.37637443036079404,
        0.37258553582191467,
        0.36895468710899354,
        0.3655120124912262,
        0.3624073787879944,
        0.35965036820411683,
        0.3584304602527618,
        0.3559615634536743,
        0.35409514446258544,
        0.3518082357120514,
        0.35061453563690187,
        0.3489037341117859,
        0.34732179394721985,
        0.34616566926956177,
        0.346307136554718,
        0.34558267448425295,
        0.3434819104862213,
        0.3421375815677643,
        0.34159385494232175,
        0.34087303247451783,
        0.34033510330200195,
        0.3398491644001007,
        0.3383170910739899,
        0.33870412285804746,
        0.3370954637145996,
        0.33648190740585326,
        0.3361098122215271,
        0.33530756125450134,
        0.3345442495441437,
        0.3340678205871582,
        0.3336901401042938,
        0.3331394537639618,
        0.3326752775192261,
        0.33203657363891603,
        0.33113000597953796,
        0.33066084362983705,
        0.33103955956459047,
        0.33048414279937743,
        0.329931124792099,
        0.32977846542358397,
        0.3294903862953186,
        0.32878996389389037,
        0.3286494602394104,
        0.32776898047447206
    ],
    "final_evaluation": {
        "loss": 0.2523116687774658,
        "psnr": 12.0035922232761
    }
}