{
    "epochs": [
        1,
        2,
        3,
        4,
        5,
        6,
        7,
        8,
        9,
        10,
        11,
        12,
        13,
        14,
        15,
        16,
        17,
        18,
        19,
        20,
        21,
        22,
        23,
        24,
        25,
        26,
        27,
        28,
        29,
        30,
        31,
        32,
        33,
        34,
        35,
        36,
        37,
        38,
        39,
        40,
        41,
        42,
        43,
        44,
        45,
        46,
        47,
        48,
        49,
        50
    ],
    "train_loss": [
        0.6681000788784027,
        0.42928015332221986,
        0.3856261886882782,
        0.36973935385704043,
        0.3508102998447418,
        0.33343058079719545,
        0.3169777268600464,
        0.31493878500938416,
        0.30810762887001036,
        0.3010736008834839,
        0.30393795862197875,
        0.2947648988819122,
        0.29193425272941587,
        0.29232782475471497,
        0.2862631204891205,
        0.28439108306884764,
        0.2921662078285217,
        0.28009660711288453,
        0.27927386083602906,
        0.2769568811607361,
        0.2853815604972839,
        0.27613826513290407,
        0.27307528220176697,
        0.280554977684021,
        0.27100528265476226,
        0.26922950368881227,
        0.2762738641643524,
        0.2677972456741333,
        0.26703172275543213,
        0.29511638612747193,
        0.27173528886795045,
        0.26844934185028074,
        0.2691344166660309,
        0.2644923378610611,
        0.2638323974227905,
        0.2668079494094849,
        0.26888216024398803,
        0.2623078497028351,
        0.2612480487346649,
        0.26797415199279784,
        0.26103808738708495,
        0.2598136694812775,
        0.26192640613555906,
        0.25887254616737365,
        0.2587471562576294,
        0.2664819254875183,
        0.2622772197628021,
        0.25761986276626586,
        0.2571516092300415,
        0.2569160536956787
    ],
    "final_evaluation": {
        "loss": 0.1770684601545334,
        "psnr": 13.542572041245469
    }
}