{
    "epochs": [
        1,
        2,
        3,
        4,
        5,
        6,
        7,
        8,
        9,
        10,
        11,
        12,
        13,
        14,
        15,
        16,
        17,
        18,
        19,
        20,
        21,
        22,
        23,
        24,
        25,
        26,
        27,
        28,
        29,
        30,
        31,
        32,
        33,
        34,
        35,
        36,
        37,
        38,
        39,
        40,
        41,
        42,
        43,
        44,
        45,
        46,
        47,
        48,
        49,
        50
    ],
    "train_loss": [
        0.7507457489395142,
        0.5821425539016724,
        0.5491611839675903,
        0.5344672126197815,
        0.5210916781044006,
        0.5093344452667237,
        0.503128335981369,
        0.4967924311828613,
        0.4921687590408325,
        0.48795041913986203,
        0.48432655144691467,
        0.4811054684448242,
        0.47835067710876467,
        0.47607012063026427,
        0.47303142263412473,
        0.4706604907798767,
        0.46895604467391966,
        0.4668387807655334,
        0.46442982992172244,
        0.4633027759075165,
        0.4618452183055878,
        0.4604490661430359,
        0.45873942669868467,
        0.4581313342189789,
        0.4568686905097961,
        0.45535761912345885,
        0.4553409020519257,
        0.4533302832889557,
        0.4533351160240173,
        0.45214688491821287,
        0.4510567955684662,
        0.4507604440975189,
        0.45018183045387267,
        0.44941621994018555,
        0.4488822791194916,
        0.44837900250434876,
        0.4470886136722565,
        0.4475564705944061,
        0.4462846703338623,
        0.44586620436668395,
        0.4455771540546417,
        0.445527446308136,
        0.4455583648300171,
        0.44416726309776305,
        0.4437647051143646,
        0.4433796161079407,
        0.44359209230422975,
        0.4428701342868805,
        0.4432204848957062,
        0.4428695295906067
    ],
    "final_evaluation": {
        "loss": 0.3783758775234222,
        "psnr": 10.243340894370675
    }
}